{
    "2.0926218242645267": {
        "time": 2.083,
        "rays": {
            "vis": {
                "av_l1": 0.1833766057654991,
                "binned_l1": [
                    0.029281177875045406,
                    0.04942452863423687,
                    0.06880311715781093,
                    0.09886981741503956,
                    0.24812427883323693,
                    0.17861005069528776
                ],
                "l1_chomp_costs": [
                    0.03459104706692236,
                    0.070831907945079,
                    0.09891491904877724
                ],
                "av_cossim": [
                    0.37035240835400546,
                    0.37035240835400546
                ]
            },
            "vox": {
                "av_l1": 0.21681412907544806,
                "binned_l1": [
                    0.027735706309315065,
                    0.04751292614305138,
                    0.06562462476334117,
                    0.09633348368829182,
                    0.28495003360926696,
                    0.19162445723160687
                ],
                "l1_chomp_costs": [
                    0.026928627522324486,
                    0.0707472070420509,
                    0.10720501492727418
                ],
                "av_cossim": [
                    0.4434845458251801,
                    0.4434845458251801
                ]
            }
        },
        "visible_surf": {
            "vis": {
                "av_l1": 0.03585212314013129,
                "binned_l1": [
                    0.037609698679764145,
                    0.03496449734900432,
                    NaN,
                    NaN,
                    NaN,
                    NaN
                ],
                "l1_chomp_costs": [
                    0.0354078142210732,
                    0.03555591141502989,
                    0.03562996860674631
                ]
            },
            "vox": {
                "av_l1": 0.034432910760062996,
                "binned_l1": [
                    0.03720284426205869,
                    0.033323795011583696,
                    NaN,
                    NaN,
                    NaN,
                    NaN
                ],
                "l1_chomp_costs": [
                    0.034025671013413146,
                    0.034161411643632615,
                    0.034229290730623696
                ]
            }
        },
        "objects": [],
        "vol": {
            "av_l1": 0.2887390097820151,
            "binned_l1": [
                0.20435838265317766,
                0.22339109875252472,
                0.24080923028059223,
                0.3142482574517161,
                0.3571258667967356,
                0.2835900815619535
            ],
            "l1_chomp_costs": [
                0.15155740674477378,
                0.18875603399288432,
                0.2128812313102776
            ]
        }
    },
    "3.3609805850982655": {
        "time": 3.355,
        "rays": {
            "vis": {
                "av_l1": 0.1441075740306953,
                "binned_l1": [
                    0.029311698701983375,
                    0.037610146826953114,
                    0.04966387910733275,
                    0.06370284689293992,
                    0.203250188687137,
                    0.15109350284741596
                ],
                "l1_chomp_costs": [
                    0.023781619998798617,
                    0.052877225090229005,
                    0.07563847947410338
                ],
                "av_cossim": [
                    0.34531910175440766,
                    0.34531910175440766
                ]
            },
            "vox": {
                "av_l1": 0.1489831476077681,
                "binned_l1": [
                    0.028571494411979093,
                    0.036367263012157196,
                    0.04671326777795504,
                    0.0577099074931856,
                    0.21003949192164303,
                    0.1547966829958409
                ],
                "l1_chomp_costs": [
                    0.020093357286300684,
                    0.05062117375130269,
                    0.07516775415578861
                ],
                "av_cossim": [
                    0.36940691432074585,
                    0.36940691432074585
                ]
            }
        },
        "visible_surf": {
            "vis": {
                "av_l1": 0.028859720341483566,
                "binned_l1": [
                    0.030646582866213638,
                    0.02798243704682837,
                    NaN,
                    NaN,
                    NaN,
                    NaN
                ],
                "l1_chomp_costs": [
                    0.028665365831190955,
                    0.028730145350682232,
                    0.028762543182857384
                ]
            },
            "vox": {
                "av_l1": 0.02848267254911739,
                "binned_l1": [
                    0.02968373535888788,
                    0.027951290596353266,
                    NaN,
                    NaN,
                    NaN,
                    NaN
                ],
                "l1_chomp_costs": [
                    0.028320470481826666,
                    0.028374532901992978,
                    0.0284015715583097
                ]
            }
        },
        "objects": [],
        "vol": {
            "av_l1": 0.2953210361064657,
            "binned_l1": [
                0.2588889194289447,
                0.25995887849703975,
                0.2685252121429199,
                0.3218862924712875,
                0.3472540416365682,
                0.2377713603469601
            ],
            "l1_chomp_costs": [
                0.1460711184075976,
                0.18639166139734095,
                0.2127208260766098
            ]
        }
    }
}